d_codigo,d_asenta,d_tipo_asenta,d_mnpio,d_estado,d_ciudad,d_zona
98920,La Plazuela,Barrio,Pinos,Zacatecas,,Rural
98920,Santa Cecilia,Colonia,Pinos,Zacatecas,,Urbano
98920,Bachilleres,Colonia,Pinos,Zacatecas,,Urbano
98920,Sierra de Pinos,Colonia,Pinos,Zacatecas,,Urbano
98921,La Victoria,Pueblo,Pinos,Zacatecas,,Rural
98925,Las Mezclitas (La Mezclita),Ranchería,Pinos,Zacatecas,,Rural
98930,Espiritu Santo,Pueblo,Pinos,Zacatecas,,Rural
98931,Santa Gertrudis,Congregación,Pinos,Zacatecas,,Rural
98933,La Encarnación,Ranchería,Pinos,Zacatecas,,Rural
98933,Las Cabras,Ranchería,Pinos,Zacatecas,,Rural
98936,Guadalupe Victoria (Tierra Bofa),Ranchería,Pinos,Zacatecas,,Rural
98940,Saldaña,Congregación,Pinos,Zacatecas,,Rural
98940,Santa Ana,Ranchería,Pinos,Zacatecas,,Rural
98940,Santiago,Ranchería,Pinos,Zacatecas,,Rural
98941,Trinidad Norte,Ranchería,Pinos,Zacatecas,,Rural
98942,La Pendencia,Congregación,Pinos,Zacatecas,,Rural
98942,Tolosa,Estación,Pinos,Zacatecas,,Rural
98950,El Nigromante,Congregación,Pinos,Zacatecas,,Rural
98951,El Obraje,Congregación,Pinos,Zacatecas,,Rural
98951,Laborcilla,Congregación,Pinos,Zacatecas,,Rural
98955,Jaltomate,Ranchería,Pinos,Zacatecas,,Rural
98959,Estancia de Guadalupe,Congregación,Pinos,Zacatecas,,Rural
98959,El Pedregoso,Congregación,Pinos,Zacatecas,,Rural
98959,La Lobena,Ranchería,Pinos,Zacatecas,,Rural
98959,San Manuel,Congregación,Pinos,Zacatecas,,Rural
98960,El Mezquite,Ranchería,Pinos,Zacatecas,,Rural
98960,La Estrella,Congregación,Pinos,Zacatecas,,Rural
98960,Jose Maria Pino Suárez,Ranchería,Pinos,Zacatecas,,Rural
98961,Santa Elena,Ranchería,Pinos,Zacatecas,,Rural
98965,La Cruz,Ranchería,Pinos,Zacatecas,,Rural
98969,San Martin,Congregación,Pinos,Zacatecas,,Rural
98969,Cieneguilla,Ranchería,Pinos,Zacatecas,,Rural
98970,El Sitio,Congregación,Pinos,Zacatecas,,Rural
98971,Jaula de Abajo,Congregación,Pinos,Zacatecas,,Rural
98971,Agua Grande de los Patos,Congregación,Pinos,Zacatecas,,Rural
98971,Jaulillas,Pueblo,Pinos,Zacatecas,,Rural
98971,Jaula de Arriba,Pueblo,Pinos,Zacatecas,,Rural
98974,Los Encinitos,Colonia,Pinos,Zacatecas,,Rural
98979,Ojo de Agua de La Palma,Congregación,Pinos,Zacatecas,,Rural
98980,La Ballena,Ranchería,Villa Hidalgo,Zacatecas,,Rural
98980,San Agustin,Ranchería,Villa Hidalgo,Zacatecas,,Rural
98986,Refugio,Ranchería,Villa Hidalgo,Zacatecas,,Rural
98988,Purísima Del Rocio O El Rocio,Ranchería,Villa Hidalgo,Zacatecas,,Rural
98990,Villa Hidalgo Centro,Colonia,Villa Hidalgo,Zacatecas,Villa Hidalgo,Urbano
98994,Francisco E. García,Colonia,Villa Hidalgo,Zacatecas,Villa Hidalgo,Urbano
98995,Nueva,Colonia,Villa Hidalgo,Zacatecas,Villa Hidalgo,Urbano
99000,Fresnillo Centro,Colonia,Fresnillo,Zacatecas,Fresnillo,Urbano
99010,Solidaridad,Colonia,Fresnillo,Zacatecas,Fresnillo,Urbano
99010,Napoleón Gómez Sada,Colonia,Fresnillo,Zacatecas,Fresnillo,Urbano
99010,Emiliano Zapata,Colonia,Fresnillo,Zacatecas,Fresnillo,Urbano
99010,Lomas del Mineral,Fraccionamiento,Fresnillo,Zacatecas,Fresnillo,Urbano
99011,Lomas de Plateros,Colonia,Fresnillo,Zacatecas,Fresnillo,Urbano
99013,Sector Popular,Colonia,Fresnillo,Zacatecas,Fresnillo,Urbano
99013,Plutarco Elias Calles,Colonia,Fresnillo,Zacatecas,Fresnillo,Urbano
99014,Francisco I Madero,Colonia,Fresnillo,Zacatecas,Fresnillo,Urbano
99014,Plan de Ayala,Colonia,Fresnillo,Zacatecas,Fresnillo,Urbano
99014,Petroleos Mexicanos,Colonia,Fresnillo,Zacatecas,Fresnillo,Urbano
99014,Nueva Esperanza,Colonia,Fresnillo,Zacatecas,Fresnillo,Urbano
99014,Azteca,Colonia,Fresnillo,Zacatecas,Fresnillo,Urbano
99014,Patria y Libertad,Colonia,Fresnillo,Zacatecas,Fresnillo,Urbano
99014,Ampliación Azteca,Colonia,Fresnillo,Zacatecas,Fresnillo,Urbano
99014,Lázaro Cárdenas,Colonia,Fresnillo,Zacatecas,Fresnillo,Urbano
99020,Benito Juárez,Colonia,Fresnillo,Zacatecas,Fresnillo,Urbano
99020,Magisterial,Colonia,Fresnillo,Zacatecas,Fresnillo,Urbano
99020,Francisco Goytia INFONAVIT,Fraccionamiento,Fresnillo,Zacatecas,Fresnillo,Urbano
99020,Tecnológica,Colonia,Fresnillo,Zacatecas,Fresnillo,Urbano
99020,El Fresno,Colonia,Fresnillo,Zacatecas,Fresnillo,Urbano
99030,Industrial,Colonia,Fresnillo,Zacatecas,Fresnillo,Urbano
99030,San Miguel,Colonia,Fresnillo,Zacatecas,Fresnillo,Urbano
99030,El Parque,Colonia,Fresnillo,Zacatecas,Fresnillo,Urbano
99030,Las Américas,Colonia,Fresnillo,Zacatecas,Fresnillo,Urbano
99030,Buenos Aires,Colonia,Fresnillo,Zacatecas,Fresnillo,Urbano
99033,Ejidal 3,Colonia,Fresnillo,Zacatecas,Fresnillo,Urbano
99034,Lienzo Charro,Colonia,Fresnillo,Zacatecas,Fresnillo,Urbano
99034,Miguel Hidalgo,Colonia,Fresnillo,Zacatecas,Fresnillo,Urbano
99034,La Joya,Colonia,Fresnillo,Zacatecas,Fresnillo,Urbano
99036,Luis Donaldo Colosio,Colonia,Fresnillo,Zacatecas,Fresnillo,Urbano
99039,Lindavista,Colonia,Fresnillo,Zacatecas,Fresnillo,Urbano
99039,Universidad,Colonia,Fresnillo,Zacatecas,Fresnillo,Urbano
99040,Lasalle,Colonia,Fresnillo,Zacatecas,Fresnillo,Urbano
99040,Jose Maria Vázquez,Colonia,Fresnillo,Zacatecas,Fresnillo,Urbano
99040,Del Policía,Colonia,Fresnillo,Zacatecas,Fresnillo,Urbano
99040,Periodistas,Colonia,Fresnillo,Zacatecas,Fresnillo,Urbano
99049,18 de Julio Indeco,Unidad habitacional,Fresnillo,Zacatecas,Fresnillo,Urbano
99050,Jesús Gonzalez Ortega,Colonia,Fresnillo,Zacatecas,Fresnillo,Urbano
99050,Del Fresno,Fraccionamiento,Fresnillo,Zacatecas,Fresnillo,Urbano
99050,Las Flores,Colonia,Fresnillo,Zacatecas,Fresnillo,Urbano
99050,Obrera Norte,Colonia,Fresnillo,Zacatecas,Fresnillo,Urbano
99054,Huertas de Abajo,Colonia,Fresnillo,Zacatecas,Fresnillo,Urbano
99054,Francisco Villa,Colonia,Fresnillo,Zacatecas,Fresnillo,Urbano
99054,Ecología,Colonia,Fresnillo,Zacatecas,Fresnillo,Urbano
99054,Las Haciendas,Fraccionamiento,Fresnillo,Zacatecas,Fresnillo,Urbano
99055,Del Sol,Colonia,Fresnillo,Zacatecas,Fresnillo,Urbano
99056,Felipe Angeles,Colonia,Fresnillo,Zacatecas,Fresnillo,Urbano
99056,Villas de Plateros,Fraccionamiento,Fresnillo,Zacatecas,Fresnillo,Urbano
99056,Los Balcones,Fraccionamiento,Fresnillo,Zacatecas,Fresnillo,Urbano
99056,Parque Industrial Fresnillo,Zona industrial,Fresnillo,Zacatecas,Fresnillo,Urbano
99056,Real de Fresnillo,Fraccionamiento,Fresnillo,Zacatecas,Fresnillo,Urbano
99056,Arboledas,Colonia,Fresnillo,Zacatecas,Fresnillo,Urbano
99060,Lagunilla,Colonia,Fresnillo,Zacatecas,Fresnillo,Urbano
99070,Barrio Alto,Colonia,Fresnillo,Zacatecas,Fresnillo,Urbano
99070,El Olivar Manuel M. Ponce,Colonia,Fresnillo,Zacatecas,Fresnillo,Urbano
99080,Esparza,Colonia,Fresnillo,Zacatecas,Fresnillo,Urbano
99080,Lomas de La Fortuna,Colonia,Fresnillo,Zacatecas,Fresnillo,Urbano
99080,Fortuna,Colonia,Fresnillo,Zacatecas,Fresnillo,Urbano
99080,FOVISSSTE Lic. Roque Estrada,Colonia,Fresnillo,Zacatecas,Fresnillo,Urbano
99080,Real de Minas,Colonia,Fresnillo,Zacatecas,Fresnillo,Urbano
99080,El Vergel,Fraccionamiento,Fresnillo,Zacatecas,Fresnillo,Urbano
99080,La Paz,Colonia,Fresnillo,Zacatecas,Fresnillo,Urbano
99084,Ejidal 4,Colonia,Fresnillo,Zacatecas,Fresnillo,Urbano
99084,Del Valle,Colonia,Fresnillo,Zacatecas,Fresnillo,Urbano
99084,Los Sotoles,Colonia,Fresnillo,Zacatecas,Fresnillo,Urbano
99089,Minera,Colonia,Fresnillo,Zacatecas,Fresnillo,Urbano
99090,Maravillas,Colonia,Fresnillo,Zacatecas,Fresnillo,Urbano
99090,Electricistas,Colonia,Fresnillo,Zacatecas,Fresnillo,Urbano
99094,Victoria,Fraccionamiento,Fresnillo,Zacatecas,Fresnillo,Urbano
99094,Muralista,Colonia,Fresnillo,Zacatecas,Fresnillo,Urbano
99094,Magisterial,Colonia,Fresnillo,Zacatecas,Fresnillo,Urbano
99094,Los Olivos,Fraccionamiento,Fresnillo,Zacatecas,Fresnillo,Urbano
99094,Magisterio Unido,Colonia,Fresnillo,Zacatecas,Fresnillo,Urbano
99094,Del Bosque,Colonia,Fresnillo,Zacatecas,Fresnillo,Urbano
99094,Polvaderas,Colonia,Fresnillo,Zacatecas,Fresnillo,Urbano
99094,San Felipe,Fraccionamiento,Fresnillo,Zacatecas,Fresnillo,Urbano
99094,Impresionistas,Colonia,Fresnillo,Zacatecas,Fresnillo,Urbano
99094,Mesoamerica,Colonia,Fresnillo,Zacatecas,Fresnillo,Urbano
99094,Providencia,Colonia,Fresnillo,Zacatecas,Fresnillo,Urbano
99095,Villas del Campestre,Fraccionamiento,Fresnillo,Zacatecas,Fresnillo,Urbano
99099,Villas Jardín,Fraccionamiento,Fresnillo,Zacatecas,Fresnillo,Urbano
99099,Venustiano Carranza,Colonia,Fresnillo,Zacatecas,Fresnillo,Urbano
99099,Jesús Gonzalez Ortega,Fraccionamiento,Fresnillo,Zacatecas,Fresnillo,Urbano
99100,Sombrerete Centro,Colonia,Sombrerete,Zacatecas,Sombrerete,Semiurbano
99102,Lopez Mateos,Ampliación,Sombrerete,Zacatecas,Sombrerete,Semiurbano
99102,Loma La Colorada,Colonia,Sombrerete,Zacatecas,Sombrerete,Semiurbano
99102,La Urbaleja y los Músicos,Colonia,Sombrerete,Zacatecas,Sombrerete,Semiurbano
99102,La Purísima,Colonia,Sombrerete,Zacatecas,Sombrerete,Semiurbano
99102,Sombreretillo,Barrio,Sombrerete,Zacatecas,Sombrerete,Semiurbano
99102,El Coronel,Fraccionamiento,Sombrerete,Zacatecas,Sombrerete,Semiurbano
99102,La Perla,Fraccionamiento,Sombrerete,Zacatecas,Sombrerete,Urbano
99102,El Sombreretillo,Ranchería,Sombrerete,Zacatecas,Sombrerete,Rural
99102,La Soledad,Barrio,Sombrerete,Zacatecas,Sombrerete,Semiurbano
99102,Lopez Mateos,Colonia,Sombrerete,Zacatecas,Sombrerete,Semiurbano
99103,La Cueva,Colonia,Sombrerete,Zacatecas,Sombrerete,Semiurbano
99103,El Cerrito de Guadalupe,Colonia,Sombrerete,Zacatecas,Sombrerete,Semiurbano
99103,Industrial,Colonia,Sombrerete,Zacatecas,Sombrerete,Semiurbano
99103,Santa Rosa,Colonia,Sombrerete,Zacatecas,Sombrerete,Semiurbano
99103,Las Escobillas,Colonia,Sombrerete,Zacatecas,Sombrerete,Semiurbano
99103,División del Norte,Colonia,Sombrerete,Zacatecas,Sombrerete,Semiurbano
99103,Del Oro,Colonia,Sombrerete,Zacatecas,Sombrerete,Semiurbano
99103,San Pedro,Colonia,Sombrerete,Zacatecas,Sombrerete,Semiurbano
99103,La Caridad y La Huerta,Colonia,Sombrerete,Zacatecas,Sombrerete,Semiurbano
99103,El Chepinque,Colonia,Sombrerete,Zacatecas,Sombrerete,Semiurbano
99103,Santo Domingo,Colonia,Sombrerete,Zacatecas,Sombrerete,Semiurbano
99103,Huerta de los Santos Niños,Colonia,Sombrerete,Zacatecas,Sombrerete,Semiurbano
99104,El Ranchito,Colonia,Sombrerete,Zacatecas,Sombrerete,Semiurbano
99104,Infonavit II,Colonia,Sombrerete,Zacatecas,Sombrerete,Semiurbano
99104,La Blanca,Colonia,Sombrerete,Zacatecas,Sombrerete,Semiurbano
99104,El Consuelo,Colonia,Sombrerete,Zacatecas,Sombrerete,Semiurbano
99104,La Pila,Colonia,Sombrerete,Zacatecas,Sombrerete,Semiurbano
99104,El Peñasco,Colonia,Sombrerete,Zacatecas,Sombrerete,Semiurbano
99104,Lomas Del Consuelo,Colonia,Sombrerete,Zacatecas,Sombrerete,Semiurbano
99104,La Palmilla,Colonia,Sombrerete,Zacatecas,Sombrerete,Semiurbano
99104,Infonavit I,Colonia,Sombrerete,Zacatecas,Sombrerete,Semiurbano
99104,La Santiaga,Colonia,Sombrerete,Zacatecas,Sombrerete,Semiurbano
99104,Fovissste,Colonia,Sombrerete,Zacatecas,Sombrerete,Semiurbano
99104,Huertas Grandes,Colonia,Sombrerete,Zacatecas,Sombrerete,Semiurbano
99106,Álvaro Obregón,Ranchería,Sombrerete,Zacatecas,,Rural
99106,Frió,Hacienda,Sombrerete,Zacatecas,,Rural
99109,Jose Maria Morelos,Ejido,Sombrerete,Zacatecas,,Rural
99109,San Martin,Ranchería,Sombrerete,Zacatecas,,Rural
99109,San Jose de Félix,Estación,Sombrerete,Zacatecas,,Rural
99109,Santa Rita,Ranchería,Sombrerete,Zacatecas,,Rural
99109,Ojo de Agua Calabazal,Ranchería,Sombrerete,Zacatecas,,Rural
99109,Villa Insurgentes,Estación,Sombrerete,Zacatecas,,Rural
99110,Felipe Ángeles,Colonia,Sombrerete,Zacatecas,,Rural
99110,Hidalgo,Ejido,Sombrerete,Zacatecas,,Rural
99110,Francisco Murguía,Hacienda,Sombrerete,Zacatecas,,Rural
99110,Gonzalez Ortega,Ejido,Sombrerete,Zacatecas,,Rural
99110,Ignacio Zaragoza,Ejido,Sombrerete,Zacatecas,,Rural
99113,Charco Blanco,Ejido,Sombrerete,Zacatecas,,Rural
99119,Cuauhtémoc,Estación,Sombrerete,Zacatecas,,Rural
99119,Benito Juárez,Ejido,Sombrerete,Zacatecas,,Rural
99119,Ignacio Allende,Ejido,Sombrerete,Zacatecas,,Rural
99119,Flores Garcia,Ejido,Sombrerete,Zacatecas,,Rural
99120,Los Corrales,Ejido,Sombrerete,Zacatecas,,Rural
99120,Lo de Mena,Estación,Sombrerete,Zacatecas,,Rural
99121,Menonita,Ejido,Sombrerete,Zacatecas,,Rural
99121,Refugio de los Pozos,Hacienda,Sombrerete,Zacatecas,,Rural
99121,Estancia de Guadalupe,Estación,Sombrerete,Zacatecas,,Rural
99121,Felipe Ángeles (La Estancia),Ranchería,Sombrerete,Zacatecas,,Rural
99121,Mesillas,Ejido,Sombrerete,Zacatecas,,Rural
99128,San Jose de Ranchos,Ejido,Sombrerete,Zacatecas,,Rural
99128,San Juan de La Tapia,Ejido,Sombrerete,Zacatecas,,Rural
99129,Vergelitos,Estación,Sombrerete,Zacatecas,,Rural
99130,Jose Maria Morelos,Congregación,Sain Alto,Zacatecas,,Rural
99130,Sain Bajo,Pueblo,Sain Alto,Zacatecas,,Rural
99130,San Antonio,Colonia,Sain Alto,Zacatecas,,Rural
99130,Barrancas,Ranchería,Sain Alto,Zacatecas,,Rural
99130,Rio de Medina,Congregación,Sain Alto,Zacatecas,,Rural
99130,Sain Alto,Pueblo,Sain Alto,Zacatecas,,Rural
99132,El Cazadero,Ranchería,Sain Alto,Zacatecas,,Rural
99138,Santa Eduviges,Ranchería,Sain Alto,Zacatecas,,Rural
99138,Laguna Blanca,Ranchería,Sain Alto,Zacatecas,,Rural
99140,Cantuna,Ranchería,Sain Alto,Zacatecas,,Rural
99140,Cantuna Sur,Ranchería,Sain Alto,Zacatecas,,Rural
99140,Cantuna Norte,Ranchería,Sain Alto,Zacatecas,,Rural
99141,Emiliano Zapata,Ranchería,Sain Alto,Zacatecas,,Rural
99141,Luis Moya,Ranchería,Sain Alto,Zacatecas,,Rural
99141,Cañas,Ranchería,Sain Alto,Zacatecas,,Rural
99150,El Pardillo Tercero,Colonia,Fresnillo,Zacatecas,,Rural
99150,Las Catarinas,Ranchería,Fresnillo,Zacatecas,,Rural
99150,Santiaguillo,Ranchería,Fresnillo,Zacatecas,,Rural
99150,Los Chilitos,Ranchería,Fresnillo,Zacatecas,,Rural
99150,El Modelo,Ranchería,Fresnillo,Zacatecas,,Rural
99150,Fresnillo,Estación,Fresnillo,Zacatecas,,Rural
99150,Carrillo,Ranchería,Fresnillo,Zacatecas,,Rural
99150,Miguel Hidalgo,Ranchería,Fresnillo,Zacatecas,,Rural
99150,El Pardillo Primero,Ranchería,Fresnillo,Zacatecas,,Rural
99150,El Pardillo Segundo,Colonia,Fresnillo,Zacatecas,,Rural
99150,Purísima del Maguey,Colonia,Fresnillo,Zacatecas,,Rural
99154,Santa Ana,Ranchería,Fresnillo,Zacatecas,,Rural
99158,Plateros,Pueblo,Fresnillo,Zacatecas,,Rural
99159,Chichimequillas,Ranchería,Fresnillo,Zacatecas,,Rural
99160,Vicente Guerrero,Ranchería,Fresnillo,Zacatecas,,Rural
99160,Francisco I Madero,Ranchería,Fresnillo,Zacatecas,,Rural
99160,La Casita,Ranchería,Fresnillo,Zacatecas,,Rural
99160,El Centro,Hacienda,Fresnillo,Zacatecas,,Rural
99160,Vasco de Quiroga,Ranchería,Fresnillo,Zacatecas,,Rural
99170,Baluarte,Ranchería,Fresnillo,Zacatecas,,Rural
99170,Montemariana (Colonia Mariana),Pueblo,Fresnillo,Zacatecas,,Rural
99170,6 de Enero,Ranchería,Fresnillo,Zacatecas,,Rural
99170,Jose Maria Morelos,Ranchería,Fresnillo,Zacatecas,,Rural
99170,Rio Florido,Ranchería,Fresnillo,Zacatecas,,Rural
99170,San Ignacio,Ranchería,Fresnillo,Zacatecas,,Rural
99178,Plenitud,Pueblo,Fresnillo,Zacatecas,,Rural
99178,Los Álamos,Ranchería,Fresnillo,Zacatecas,,Rural
99178,San Vicente de Plenitud (San Vicente),Ranchería,Fresnillo,Zacatecas,,Rural
99179,El Salto,Ranchería,Fresnillo,Zacatecas,,Rural
99179,El Epazote,Ranchería,Fresnillo,Zacatecas,,Rural
99179,Tapias de Santa Cruz,Ranchería,Fresnillo,Zacatecas,,Rural
99180,Gutiérrez,Estación,Fresnillo,Zacatecas,,Rural
99182,El Mezquite (Gumercindo Martínez Rodríguez),Ranchería,Fresnillo,Zacatecas,,Rural
99188,Altamira,Ranchería,Fresnillo,Zacatecas,,Rural
99188,Rancho Grande,Hacienda,Fresnillo,Zacatecas,,Rural
99188,San Pablo de Rancho Grande,Ranchería,Fresnillo,Zacatecas,,Rural
99189,San José de Lourdes,Ranchería,Fresnillo,Zacatecas,,Urbano
99190,Santa Rosa,Hacienda,Fresnillo,Zacatecas,,Rural
99190,San Isidro de Cabrales,Ranchería,Fresnillo,Zacatecas,,Rural
99190,Matías Ramos,Ranchería,Fresnillo,Zacatecas,,Rural
99190,Guadalupe de Trujillo,Ranchería,Fresnillo,Zacatecas,,Rural
99190,Agrícola Guanajuato,Colonia,Fresnillo,Zacatecas,,Rural
99198,Labor de Santa Bárbara,Ranchería,Fresnillo,Zacatecas,,Rural
99199,Trujillo,Hacienda,Fresnillo,Zacatecas,,Rural
99199,San Jose Del Rio,Ranchería,Fresnillo,Zacatecas,,Rural
99200,Cruces,Ranchería,Valparaíso,Zacatecas,,Rural
99200,El Resbalón,Ranchería,Valparaíso,Zacatecas,,Rural
99200,El Astillero,Ranchería,Valparaíso,Zacatecas,,Rural
99200,Mimbres,Ejido,Valparaíso,Zacatecas,,Rural
99200,San Miguel,Ejido,Valparaíso,Zacatecas,,Rural
99200,Trojes,Ranchería,Valparaíso,Zacatecas,,Rural
99200,Tejones,Ranchería,Valparaíso,Zacatecas,,Rural
99200,Capulín de la Sierra,Ranchería,Valparaíso,Zacatecas,,Rural
99200,El Tejujan,Ejido,Valparaíso,Zacatecas,,Rural
99201,San Jose Del Vergel,Ranchería,Valparaíso,Zacatecas,,Rural
99202,Vicente Escudero,Ranchería,Valparaíso,Zacatecas,,Rural
99203,Felipe Angeles,Ranchería,Valparaíso,Zacatecas,,Rural
99206,La Pila de Las Oscuras (La Pila),Ranchería,Valparaíso,Zacatecas,,Rural
99208,San Antonio de Padua,Pueblo,Valparaíso,Zacatecas,,Rural
99209,Potrero de Gallego,Ejido,Valparaíso,Zacatecas,,Rural
99210,Milpillas de La Sierra,Pueblo,Valparaíso,Zacatecas,,Rural
99220,Caracoles y Anexas,Ejido,Valparaíso,Zacatecas,,Rural
99220,San Mateo,Pueblo,Valparaíso,Zacatecas,,Rural
99225,Peñitas de San Mateo,Ranchería,Valparaíso,Zacatecas,,Rural
99230,Lobatos,Ranchería,Valparaíso,Zacatecas,,Rural
99230,Mala Noche,Ranchería,Valparaíso,Zacatecas,,Rural
99231,Xoconoxtle,Ranchería,Valparaíso,Zacatecas,,Rural
99237,Cueva Grande,Ejido,Valparaíso,Zacatecas,,Rural
99238,Boquilla del Refugio,Ranchería,Valparaíso,Zacatecas,,Rural
99239,San Jose de Llanetes,Ejido,Valparaíso,Zacatecas,,Rural
99240,San Juan Capistrano,Ejido,Valparaíso,Zacatecas,,Rural
99250,Valparaíso Centro,Colonia,Valparaíso,Zacatecas,Valparaíso,Semiurbano
99252,Santo Domingo,Fraccionamiento,Valparaíso,Zacatecas,Valparaíso,Semiurbano
99252,Las Rosas,Colonia,Valparaíso,Zacatecas,Valparaíso,Semiurbano
99252,La Viña,Colonia,Valparaíso,Zacatecas,Valparaíso,Semiurbano
99252,La Lagunilla,Fraccionamiento,Valparaíso,Zacatecas,Valparaíso,Semiurbano
99253,Simon Bolívar,Colonia,Valparaíso,Zacatecas,Valparaíso,Semiurbano
99253,Ameca,Barrio,Valparaíso,Zacatecas,Valparaíso,Semiurbano
99253,La Joyita,Barrio,Valparaíso,Zacatecas,Valparaíso,Semiurbano
99253,Agua Fría,Colonia,Valparaíso,Zacatecas,Valparaíso,Urbano
99253,El Panalito,Barrio,Valparaíso,Zacatecas,Valparaíso,Semiurbano
99254,Lomas Del Valle,Colonia,Valparaíso,Zacatecas,Valparaíso,Semiurbano
99254,Ranchito de La Cruz,Barrio,Valparaíso,Zacatecas,Valparaíso,Semiurbano
99254,Mesita Del Valle,Colonia,Valparaíso,Zacatecas,Valparaíso,Semiurbano
99254,Alameda,Barrio,Valparaíso,Zacatecas,Valparaíso,Semiurbano
99254,Francisco I Madero,Colonia,Valparaíso,Zacatecas,Valparaíso,Semiurbano
99254,Los Guerreros,Colonia,Valparaíso,Zacatecas,Valparaíso,Urbano
99254,Magisterial,Fraccionamiento,Valparaíso,Zacatecas,Valparaíso,Semiurbano
99254,El Lago,Colonia,Valparaíso,Zacatecas,Valparaíso,Semiurbano
99255,Ranchito Del Tanque,Barrio,Valparaíso,Zacatecas,Valparaíso,Semiurbano
99255,Los Nogales,Fraccionamiento,Valparaíso,Zacatecas,Valparaíso,Semiurbano
99256,Del Refugio,Barrio,Valparaíso,Zacatecas,Valparaíso,Semiurbano
99256,Puerta de Cadena Del Sur,Barrio,Valparaíso,Zacatecas,Valparaíso,Semiurbano
99256,La Lentejita,Barrio,Valparaíso,Zacatecas,Valparaíso,Urbano
99257,Mauro Talamantes,Fraccionamiento,Valparaíso,Zacatecas,Valparaíso,Semiurbano
99257,Enrique Estrada,Fraccionamiento,Valparaíso,Zacatecas,Valparaíso,Semiurbano
99257,Emiliano Zapata,Colonia,Valparaíso,Zacatecas,Valparaíso,Semiurbano
99257,Santa Rita,Colonia,Valparaíso,Zacatecas,Valparaíso,Semiurbano
99257,Buenavista,Fraccionamiento,Valparaíso,Zacatecas,Valparaíso,Semiurbano
99257,Sierra Dorada,Fraccionamiento,Valparaíso,Zacatecas,Valparaíso,Semiurbano
99257,Bellavista,Colonia,Valparaíso,Zacatecas,Valparaíso,Urbano
99257,México,Colonia,Valparaíso,Zacatecas,Valparaíso,Semiurbano
99258,Cumbres Del Valle,Colonia,Valparaíso,Zacatecas,Valparaíso,Semiurbano
99258,Deportiva,Colonia,Valparaíso,Zacatecas,Valparaíso,Semiurbano
99258,El Pedregal,Fraccionamiento,Valparaíso,Zacatecas,Valparaíso,Urbano
99258,Las Américas,Colonia,Valparaíso,Zacatecas,Valparaíso,Semiurbano
99259,Lomas Del Paraíso,Colonia,Valparaíso,Zacatecas,Valparaíso,Semiurbano
99259,El Vallecito,Fraccionamiento,Valparaíso,Zacatecas,Valparaíso,Urbano
99259,Atotonilco,Colonia,Valparaíso,Zacatecas,Valparaíso,Urbano
99260,Chalchihuites,Ranchería,Chalchihuites,Zacatecas,,Rural
99260,Jose Maria Morelos,Ranchería,Chalchihuites,Zacatecas,,Rural
99260,Colorada,Ranchería,Chalchihuites,Zacatecas,,Rural
99270,Canutillo,Estación,Chalchihuites,Zacatecas,,Rural
99270,San Jose de Buenavista,Ejido,Chalchihuites,Zacatecas,,Rural
99279,Gualterio,Estación,Chalchihuites,Zacatecas,,Rural
99280,Jimenez Del Teul,Pueblo,Jiménez del Teul,Zacatecas,,Rural
99300,Jerez Centro,Colonia,Jerez,Zacatecas,Jerez de García Salinas,Semiurbano
99300,Barrio Nuevo,Colonia,Jerez,Zacatecas,Jerez de García Salinas,Urbano
99310,Guadalupe,Colonia,Jerez,Zacatecas,Jerez de García Salinas,Semiurbano
99311,Magisterial,Colonia,Jerez,Zacatecas,Jerez de García Salinas,Semiurbano
99312,Magisterial III,Fraccionamiento,Jerez,Zacatecas,Jerez de García Salinas,Semiurbano
99312,El Durazno,Fraccionamiento,Jerez,Zacatecas,Jerez de García Salinas,Semiurbano
99312,CTM,Colonia,Jerez,Zacatecas,Jerez de García Salinas,Semiurbano
99312,El Vergel,Fraccionamiento,Jerez,Zacatecas,Jerez de García Salinas,Semiurbano
99313,Olimpia,Fraccionamiento,Jerez,Zacatecas,Jerez de García Salinas,Semiurbano
99313,El Duraznillo,Fraccionamiento,Jerez,Zacatecas,Jerez de García Salinas,Semiurbano
99313,Organización Campesina,Colonia,Jerez,Zacatecas,Jerez de García Salinas,Semiurbano
99313,Organización Campesina,Ampliación,Jerez,Zacatecas,Jerez de García Salinas,Semiurbano
99313,Jardines de La Victoria,Fraccionamiento,Jerez,Zacatecas,Jerez de García Salinas,Semiurbano
99314,Cervantes Corona,Fraccionamiento,Jerez,Zacatecas,Jerez de García Salinas,Semiurbano
99315,Las Palmas,Colonia,Jerez,Zacatecas,Jerez de García Salinas,Semiurbano
99316,Matías Ramos,Colonia,Jerez,Zacatecas,Jerez de García Salinas,Semiurbano
99316,Patria Nueva,Colonia,Jerez,Zacatecas,Jerez de García Salinas,Semiurbano
99316,Infonavit El Molino Plan Maestro,Colonia,Jerez,Zacatecas,Jerez de García Salinas,Semiurbano
99316,Frente Popular Sur,Fraccionamiento,Jerez,Zacatecas,Jerez de García Salinas,Semiurbano
99316,Ciénega,Colonia,Jerez,Zacatecas,Jerez de García Salinas,Semiurbano
99316,Frente Popular Norte,Fraccionamiento,Jerez,Zacatecas,Jerez de García Salinas,Semiurbano
99320,Guadalupe,Fraccionamiento,Jerez,Zacatecas,Jerez de García Salinas,Semiurbano
99320,Las Huertas,Colonia,Jerez,Zacatecas,Jerez de García Salinas,Semiurbano
99320,Zaragoza,Colonia,Jerez,Zacatecas,Jerez de García Salinas,Semiurbano
99322,Candelario Huizar,Colonia,Jerez,Zacatecas,Jerez de García Salinas,Semiurbano
99322,Magisterial II,Colonia,Jerez,Zacatecas,Jerez de García Salinas,Semiurbano
99322,Jerez,Fraccionamiento,Jerez,Zacatecas,Jerez de García Salinas,Semiurbano
99323,Valle Real,Fraccionamiento,Jerez,Zacatecas,Jerez de García Salinas,Semiurbano
99323,Villas de San Isidro,Fraccionamiento,Jerez,Zacatecas,Jerez de García Salinas,Urbano
99323,Popular Del Sol,Fraccionamiento,Jerez,Zacatecas,Jerez de García Salinas,Semiurbano
99323,Candelario Huizar,Fraccionamiento,Jerez,Zacatecas,Jerez de García Salinas,Semiurbano
99323,Las Américas,Fraccionamiento,Jerez,Zacatecas,Jerez de García Salinas,Semiurbano
99323,Deportivo II,Fraccionamiento,Jerez,Zacatecas,Jerez de García Salinas,Semiurbano
99323,Azteca,Fraccionamiento,Jerez,Zacatecas,Jerez de García Salinas,Semiurbano
99323,Don Durito,Fraccionamiento,Jerez,Zacatecas,Jerez de García Salinas,Semiurbano
99323,P.R.D.,Fraccionamiento,Jerez,Zacatecas,Jerez de García Salinas,Semiurbano
99323,San Isidro,Colonia,Jerez,Zacatecas,Jerez de García Salinas,Semiurbano
99323,Camino Real,Fraccionamiento,Jerez,Zacatecas,Jerez de García Salinas,Semiurbano
99324,El Valle,Fraccionamiento,Jerez,Zacatecas,Jerez de García Salinas,Semiurbano
99330,Nuevo,Colonia,Jerez,Zacatecas,Jerez de García Salinas,Semiurbano
99330,San Pedro,Colonia,Jerez,Zacatecas,Jerez de García Salinas,Semiurbano
99340,Nueva Reforma,Colonia,Jerez,Zacatecas,Jerez de García Salinas,Semiurbano
99340,Banrural,Fraccionamiento,Jerez,Zacatecas,Jerez de García Salinas,Semiurbano
99340,San Francisco,Colonia,Jerez,Zacatecas,Jerez de García Salinas,Semiurbano
99340,Lagunita,Colonia,Jerez,Zacatecas,Jerez de García Salinas,Semiurbano
99340,Los Sauces,Colonia,Jerez,Zacatecas,Jerez de García Salinas,Semiurbano
99340,Constituyentes,Colonia,Jerez,Zacatecas,Jerez de García Salinas,Semiurbano
99342,Villa Flabia,Fraccionamiento,Jerez,Zacatecas,Jerez de García Salinas,Semiurbano
99343,Artesanos,Colonia,Jerez,Zacatecas,Jerez de García Salinas,Semiurbano
99344,Infonavit El Cortijo,Fraccionamiento,Jerez,Zacatecas,Jerez de García Salinas,Semiurbano
99344,La Cruz,Fraccionamiento,Jerez,Zacatecas,Jerez de García Salinas,Semiurbano
99344,Bosques,Fraccionamiento,Jerez,Zacatecas,Jerez de García Salinas,Semiurbano
99350,Ejido de Ciénega,Fraccionamiento,Jerez,Zacatecas,Jerez de García Salinas,Semiurbano
99350,Lo de Taura,Fraccionamiento,Jerez,Zacatecas,Jerez de García Salinas,Semiurbano
99350,Chulavista,Colonia,Jerez,Zacatecas,Jerez de García Salinas,Semiurbano
99350,Loma Dorada,Colonia,Jerez,Zacatecas,Jerez de García Salinas,Semiurbano
99350,Unión Santa Cruz,Colonia,Jerez,Zacatecas,Jerez de García Salinas,Semiurbano
99350,Carlos,Colonia,Jerez,Zacatecas,Jerez de García Salinas,Semiurbano
99352,Concepción,Colonia,Jerez,Zacatecas,Jerez de García Salinas,Semiurbano
99352,Montecillo,Colonia,Jerez,Zacatecas,Jerez de García Salinas,Rural
99353,El Molino,Fraccionamiento,Jerez,Zacatecas,Jerez de García Salinas,Semiurbano
99353,Granjas El Molino,Colonia,Jerez,Zacatecas,Jerez de García Salinas,Rural
99360,Niños Héroes,Colonia,Jerez,Zacatecas,Jerez de García Salinas,Semiurbano
99360,Alamedas,Fraccionamiento,Jerez,Zacatecas,Jerez de García Salinas,Semiurbano
99360,Real Del Valle,Fraccionamiento,Jerez,Zacatecas,Jerez de García Salinas,Semiurbano
99360,INFONAVIT II,Fraccionamiento,Jerez,Zacatecas,Jerez de García Salinas,Semiurbano
99360,Justo Sierra,Colonia,Jerez,Zacatecas,Jerez de García Salinas,Semiurbano
99360,Las Quintas,Fraccionamiento,Jerez,Zacatecas,Jerez de García Salinas,Semiurbano
99361,Alameda Parque,Colonia,Jerez,Zacatecas,Jerez de García Salinas,Semiurbano
99362,Deportivo,Fraccionamiento,Jerez,Zacatecas,Jerez de García Salinas,Semiurbano
99362,Pedregal,Fraccionamiento,Jerez,Zacatecas,Jerez de García Salinas,Semiurbano
99362,La Noria,Fraccionamiento,Jerez,Zacatecas,Jerez de García Salinas,Semiurbano
99363,Guadalajara,Fraccionamiento,Jerez,Zacatecas,Jerez de García Salinas,Urbano
99363,Hidráulica,Colonia,Jerez,Zacatecas,Jerez de García Salinas,Semiurbano
99363,Los Cardos,Fraccionamiento,Jerez,Zacatecas,Jerez de García Salinas,Semiurbano
99363,Caxcán,Fraccionamiento,Jerez,Zacatecas,Jerez de García Salinas,Urbano
99370,Villa Fontana,Fraccionamiento,Jerez,Zacatecas,Jerez de García Salinas,Semiurbano
99370,20 de Noviembre,Colonia,Jerez,Zacatecas,Jerez de García Salinas,Semiurbano
99379,Huertas San Jose,Fraccionamiento,Jerez,Zacatecas,Jerez de García Salinas,Semiurbano
99380,Lopez Mateos,Fraccionamiento,Jerez,Zacatecas,Jerez de García Salinas,Semiurbano
99380,Modelo,Colonia,Jerez,Zacatecas,Jerez de García Salinas,Semiurbano
99380,Fuenzanto,Colonia,Jerez,Zacatecas,Jerez de García Salinas,Semiurbano
99380,Las Artes,Colonia,Jerez,Zacatecas,Jerez de García Salinas,Semiurbano
99380,Obrera,Colonia,Jerez,Zacatecas,Jerez de García Salinas,Semiurbano
99382,Jardín del Álamo,Fraccionamiento,Jerez,Zacatecas,Jerez de García Salinas,Semiurbano
99382,Los Pinos,Fraccionamiento,Jerez,Zacatecas,Jerez de García Salinas,Semiurbano
99382,Las Brisas,Fraccionamiento,Jerez,Zacatecas,Jerez de García Salinas,Semiurbano
99382,Delicias,Fraccionamiento,Jerez,Zacatecas,Jerez de García Salinas,Semiurbano
99389,Mercaderes,Colonia,Jerez,Zacatecas,Jerez de García Salinas,Semiurbano
99389,Ladrillera,Colonia,Jerez,Zacatecas,Jerez de García Salinas,Semiurbano
99389,Baño Nuevo,Colonia,Jerez,Zacatecas,Jerez de García Salinas,Semiurbano
99390,Fovissste,Fraccionamiento,Jerez,Zacatecas,Jerez de García Salinas,Semiurbano
99390,Álamos,Colonia,Jerez,Zacatecas,Jerez de García Salinas,Semiurbano
99390,Jardines de Ramon Lopez Velarde,Fraccionamiento,Jerez,Zacatecas,Jerez de García Salinas,Semiurbano
99390,Jardines de Jerez,Fraccionamiento,Jerez,Zacatecas,Jerez de García Salinas,Semiurbano
99390,Rancho Los Arquitos,Unidad habitacional,Jerez,Zacatecas,Jerez de García Salinas,Semiurbano
99392,Granjas,Fraccionamiento,Jerez,Zacatecas,Jerez de García Salinas,Semiurbano
99392,Cnop,Colonia,Jerez,Zacatecas,Jerez de García Salinas,Semiurbano
99393,Alamitos,Fraccionamiento,Jerez,Zacatecas,Jerez de García Salinas,Semiurbano
99400,La Loma (Manuel M. Ponce),Colonia,Monte Escobedo,Zacatecas,,Rural
99400,Las Mesitas,Colonia,Monte Escobedo,Zacatecas,,Rural
99400,La Palma,Colonia,Monte Escobedo,Zacatecas,,Rural
99400,Monte Escobedo Centro,Colonia,Monte Escobedo,Zacatecas,,Rural
99403,San Antonio de Abajo,Ranchería,Monte Escobedo,Zacatecas,,Rural
99410,Adjuntas Del Refugio,Ranchería,Monte Escobedo,Zacatecas,,Rural
99420,Laguna Grande,Pueblo,Monte Escobedo,Zacatecas,,Rural
99430,Maria de La Torre,Ranchería,Monte Escobedo,Zacatecas,,Rural
99436,Berrendos,Rancho,Monte Escobedo,Zacatecas,,Rural
99440,Los Félix,Poblado comunal,Jerez,Zacatecas,,Rural
99440,Vicente Guerrero,Ranchería,Jerez,Zacatecas,,Rural
99440,Miguel Hidalgo,Ranchería,Jerez,Zacatecas,,Rural
99442,Sáuz de los Garcia de Abajo,Ranchería,Jerez,Zacatecas,,Rural
99443,Ermita de los Correa,Ranchería,Jerez,Zacatecas,,Rural
99447,El Durazno,Ranchería,Jerez,Zacatecas,,Rural
99447,Los Haro,Ranchería,Jerez,Zacatecas,,Rural
99454,San Isidro Del Salto,Ranchería,Jerez,Zacatecas,,Rural
99456,Los Garcia,Ranchería,Jerez,Zacatecas,,Rural
99457,La Ciénega,Ranchería,Jerez,Zacatecas,,Rural
99458,Lo de Nava,Poblado comunal,Jerez,Zacatecas,,Rural
99458,Santa Rita (Luis Moya),Ranchería,Jerez,Zacatecas,,Rural
99460,Tetillas,Ranchería,Jerez,Zacatecas,,Rural
99467,Nuevo,Barrio,Jerez,Zacatecas,,Rural
99467,Ermita de Guadalupe,Ranchería,Jerez,Zacatecas,,Rural
99468,El Huejote,Ranchería,Jerez,Zacatecas,,Rural
99469,Los Ríos,Ranchería,Jerez,Zacatecas,,Rural
99471,Cieneguitas de Fernandez,Ranchería,Jerez,Zacatecas,,Rural
99473,Palmas Altas,Ranchería,Jerez,Zacatecas,,Rural
99473,Sarabia,Poblado comunal,Jerez,Zacatecas,,Rural
99473,Guadalupe Victoria (El Yegue),Poblado comunal,Jerez,Zacatecas,,Rural
99474,Villa Hermosa,Poblado comunal,Jerez,Zacatecas,,Rural
99474,Monte de los García,Poblado comunal,Jerez,Zacatecas,,Rural
99476,El Cargadero,Pueblo,Jerez,Zacatecas,,Rural
99476,Rio Florido,Ranchería,Jerez,Zacatecas,,Rural
99478,El Centro,Ranchería,Jerez,Zacatecas,,Rural
99479,Jomulquillo,Ranchería,Jerez,Zacatecas,,Rural
99480,Susticacán,Pueblo,Susticacán,Zacatecas,,Urbano
99500,El Salto,Hacienda,Villanueva,Zacatecas,,Rural
99500,Laguna Del Carretero,Ranchería,Villanueva,Zacatecas,,Rural
99500,Tarasco,Ranchería,Villanueva,Zacatecas,,Rural
99500,El Tigre,Ranchería,Villanueva,Zacatecas,,Rural
99506,El Jagüey,Ranchería,Villanueva,Zacatecas,,Rural
99510,El Fuerte,Pueblo,Villanueva,Zacatecas,,Rural
99510,Malpaso,Pueblo,Villanueva,Zacatecas,,Rural
99520,Felipe Angeles,Hacienda,Villanueva,Zacatecas,,Rural
99520,Gral. Francisco Murguía,Ranchería,Villanueva,Zacatecas,,Rural
99523,El Saucito,Ranchería,Villanueva,Zacatecas,,Rural
99530,El Vergel,Ranchería,Villanueva,Zacatecas,,Rural
99530,La Quemada,Hacienda,Villanueva,Zacatecas,,Rural
99530,Atitanac,Ranchería,Villanueva,Zacatecas,,Rural
99540,Villanueva Centro,Colonia,Villanueva,Zacatecas,Villanueva,Semiurbano
99542,Magisterial I,Fraccionamiento,Villanueva,Zacatecas,Villanueva,Semiurbano
99542,De los Varela,Barrio,Villanueva,Zacatecas,Villanueva,Semiurbano
99542,Gutiérrez Del Águila,Colonia,Villanueva,Zacatecas,Villanueva,Semiurbano
99542,Panames Escobedo,Colonia,Villanueva,Zacatecas,Villanueva,Semiurbano
99542,Beisbolera,Colonia,Villanueva,Zacatecas,Villanueva,Semiurbano
99543,De Santa Gertrudis,Barrio,Villanueva,Zacatecas,Villanueva,Semiurbano
99544,De Guadalupe,Barrio,Villanueva,Zacatecas,Villanueva,Semiurbano
99544,Tadeo,Fraccionamiento,Villanueva,Zacatecas,Villanueva,Semiurbano
99544,De los Ramirez,Colonia,Villanueva,Zacatecas,Villanueva,Semiurbano
99545,Arboledas,Fraccionamiento,Villanueva,Zacatecas,Villanueva,Semiurbano
99545,Del Panteón,Colonia,Villanueva,Zacatecas,Villanueva,Semiurbano
99545,Sierra Nevada,Colonia,Villanueva,Zacatecas,Villanueva,Semiurbano
99545,Lindavista,Colonia,Villanueva,Zacatecas,Villanueva,Semiurbano
99545,Los Geranios,Fraccionamiento,Villanueva,Zacatecas,Villanueva,Semiurbano
99545,Flores Del Pedregal,Colonia,Villanueva,Zacatecas,Villanueva,Semiurbano
99545,Santa Anita,Barrio,Villanueva,Zacatecas,Villanueva,Semiurbano
99546,Lomas Doradas,Fraccionamiento,Villanueva,Zacatecas,Villanueva,Semiurbano
99546,Loma de Tlalpan,Colonia,Villanueva,Zacatecas,Villanueva,Semiurbano
99546,Magisterial II (centenario),Fraccionamiento,Villanueva,Zacatecas,Villanueva,Semiurbano
99546,Rescodillo,Barrio,Villanueva,Zacatecas,Villanueva,Semiurbano
99546,Magisterial III,Fraccionamiento,Villanueva,Zacatecas,Villanueva,Semiurbano
99546,Arroyo Del Tigre,Colonia,Villanueva,Zacatecas,Villanueva,Semiurbano
99546,Lomas Verdes,Fraccionamiento,Villanueva,Zacatecas,Villanueva,Semiurbano
99547,Nueva,Colonia,Villanueva,Zacatecas,Villanueva,Semiurbano
99547,Colosio,Colonia,Villanueva,Zacatecas,Villanueva,Semiurbano
99547,Lomas Del Diezmo,Barrio,Villanueva,Zacatecas,Villanueva,Semiurbano
99550,La Encarnación,Hacienda,Villanueva,Zacatecas,,Rural
99552,Tuxtuac,Ranchería,Villanueva,Zacatecas,,Rural
99559,Gustavo Díaz Ordaz,Colonia,Villanueva,Zacatecas,,Rural
99559,Adolfo Lopez Mateos,Ranchería,Villanueva,Zacatecas,,Rural
99560,Lindavista,Colonia,Villanueva,Zacatecas,,Rural
99560,Tayahua,Ranchería,Villanueva,Zacatecas,,Rural
99570,América,Colonia,Tepetongo,Zacatecas,,Rural
99570,Chihuahua,Colonia,Tepetongo,Zacatecas,,Rural
99570,El Cuidado,Ejido,Tepetongo,Zacatecas,,Rural
99570,El Salitre,Ranchería,Tepetongo,Zacatecas,,Rural
99570,Tepetongo,Pueblo,Tepetongo,Zacatecas,,Rural
99570,Víboras,Ejido,Tepetongo,Zacatecas,,Rural
99580,Juanchorrey,Ranchería,Tepetongo,Zacatecas,,Rural
99581,Aparicios,Ranchería,Tepetongo,Zacatecas,,Rural
99581,Buenavista,Ejido,Tepetongo,Zacatecas,,Rural
99590,Gral. Joaquín Amaro,Pueblo,El Plateado de Joaquín Amaro,Zacatecas,,Urbano
99592,Antonio R Vela,Pueblo,El Plateado de Joaquín Amaro,Zacatecas,,Rural
99593,San Antonio de La Calera,Pueblo,El Plateado de Joaquín Amaro,Zacatecas,,Rural
99600,Jalpa Centro,Colonia,Jalpa,Zacatecas,Jalpa,Semiurbano
99600,Sagrado Corazón,Barrio,Jalpa,Zacatecas,Jalpa,Semiurbano
99600,El Rosario,Colonia,Jalpa,Zacatecas,Jalpa,Semiurbano
99602,Mesa del Santo,Colonia,Jalpa,Zacatecas,Jalpa,Urbano
99602,Lindavista,Fraccionamiento,Jalpa,Zacatecas,Jalpa,Semiurbano
99603,San Antonio,Colonia,Jalpa,Zacatecas,Jalpa,Urbano
99603,Juárez,Colonia,Jalpa,Zacatecas,Jalpa,Urbano
99603,Parque La Mezquitera,Colonia,Jalpa,Zacatecas,Jalpa,Semiurbano
99603,De La Cruz,Barrio,Jalpa,Zacatecas,Jalpa,Semiurbano
99605,Del Sol,Fraccionamiento,Jalpa,Zacatecas,Jalpa,Urbano
99606,Del Carmen,Colonia,Jalpa,Zacatecas,Jalpa,Urbano
99606,Hidalgo,Colonia,Jalpa,Zacatecas,Jalpa,Semiurbano
99606,Tia Rita,Fraccionamiento,Jalpa,Zacatecas,Jalpa,Urbano
99606,Quinta Chilla,Fraccionamiento,Jalpa,Zacatecas,Jalpa,Urbano
99606,Jacarandas,Fraccionamiento,Jalpa,Zacatecas,Jalpa,Semiurbano
99607,Reforma,Fraccionamiento,Jalpa,Zacatecas,Jalpa,Semiurbano
99607,Caxcán,Colonia,Jalpa,Zacatecas,Jalpa,Urbano
99607,Arroyo Blanco,Colonia,Jalpa,Zacatecas,Jalpa,Urbano
99608,Lomas Del Valle,Fraccionamiento,Jalpa,Zacatecas,Jalpa,Semiurbano
99608,Morelos,Colonia,Jalpa,Zacatecas,Jalpa,Urbano
99608,Fovissste,Colonia,Jalpa,Zacatecas,Jalpa,Semiurbano
99608,Loma Arroyo Blanco,Colonia,Jalpa,Zacatecas,Jalpa,Semiurbano
99608,Revolución,Fraccionamiento,Jalpa,Zacatecas,Jalpa,Semiurbano
99609,SARH,Colonia,Jalpa,Zacatecas,Jalpa,Urbano
99609,Obrera,Colonia,Jalpa,Zacatecas,Jalpa,Semiurbano
99609,Toma de Zacatecas,Colonia,Jalpa,Zacatecas,Jalpa,Urbano
99609,Santa Cecilia,Colonia,Jalpa,Zacatecas,Jalpa,Urbano
99609,Jardines de San José,Colonia,Jalpa,Zacatecas,Jalpa,Urbano
99609,Magisterial,Fraccionamiento,Jalpa,Zacatecas,Jalpa,Urbano
99609,Lomas de Chapultepec,Colonia,Jalpa,Zacatecas,Jalpa,Urbano
99609,Loma de San Antonio,Colonia,Jalpa,Zacatecas,Jalpa,Semiurbano
99609,Guerrero,Colonia,Jalpa,Zacatecas,Jalpa,Semiurbano
99620,Guadalupe Victoria,Ranchería,Jalpa,Zacatecas,,Rural
99624,El Rodeo,Ranchería,Jalpa,Zacatecas,,Rural
99630,Huiscolco,Ranchería,Tabasco,Zacatecas,,Rural
99630,Linda Vista,Colonia,Tabasco,Zacatecas,,Rural
99630,Monasterios,Colonia,Tabasco,Zacatecas,,Urbano
99630,Tabasco,Colonia,Tabasco,Zacatecas,,Urbano
99630,Del Parque,Colonia,Tabasco,Zacatecas,,Urbano
99630,Cosalimita,Ranchería,Tabasco,Zacatecas,,Rural
99630,Balconcitos,Colonia,Tabasco,Zacatecas,,Rural
99630,El Jaralillo,Ranchería,Tabasco,Zacatecas,,Rural
99630,San Luis de Custique,Ranchería,Tabasco,Zacatecas,,Rural
99630,Secundaria,Colonia,Tabasco,Zacatecas,,Rural
99630,Barrio San Nicolás,Colonia,Tabasco,Zacatecas,,Rural
99630,Barrio San Jose,Colonia,Tabasco,Zacatecas,,Rural
99630,Arboledas,Colonia,Tabasco,Zacatecas,,Urbano
99630,La Capilla,Colonia,Tabasco,Zacatecas,,Urbano
99630,Magisterial,Colonia,Tabasco,Zacatecas,,Rural
99630,El Refugio,Colonia,Tabasco,Zacatecas,,Rural
99630,Lomas de Solidaridad,Colonia,Tabasco,Zacatecas,,Urbano
99630,Benito Juárez,Colonia,Tabasco,Zacatecas,,Urbano
99630,Tenanguillo,Ranchería,Tabasco,Zacatecas,,Rural
99644,San Francisco,Ranchería,Tabasco,Zacatecas,,Rural
99650,Santiago,Estación,Tabasco,Zacatecas,,Rural
99670,Huanusco,Pueblo,Huanusco,Zacatecas,,Rural
99670,La Luz,Hacienda,Huanusco,Zacatecas,,Rural
99670,Lindavista,Colonia,Huanusco,Zacatecas,,Rural
99700,Morones,Fraccionamiento,Tlaltenango de Sánchez Román,Zacatecas,,Semiurbano
99700,Hidráulica,Colonia,Tlaltenango de Sánchez Román,Zacatecas,,Semiurbano
99700,Los Ramos,Ranchería,Tlaltenango de Sánchez Román,Zacatecas,,Rural
99700,Tabachines,Fraccionamiento,Tlaltenango de Sánchez Román,Zacatecas,,Semiurbano
99700,Brisas Del Rio,Fraccionamiento,Tlaltenango de Sánchez Román,Zacatecas,,Semiurbano
99700,San Pascual,Barrio,Tlaltenango de Sánchez Román,Zacatecas,,Semiurbano
99700,Las Moritas,Fraccionamiento,Tlaltenango de Sánchez Román,Zacatecas,,Semiurbano
99700,Las Goteras,Fraccionamiento,Tlaltenango de Sánchez Román,Zacatecas,,Semiurbano
99700,Militar,Unidad habitacional,Tlaltenango de Sánchez Román,Zacatecas,,Semiurbano
99700,La Haciendita,Barrio,Tlaltenango de Sánchez Román,Zacatecas,,Semiurbano
99700,Los Guapos,Ranchería,Tlaltenango de Sánchez Román,Zacatecas,,Rural
99700,San Antonio,Ranchería,Tlaltenango de Sánchez Román,Zacatecas,,Rural
99700,Independencia,Fraccionamiento,Tlaltenango de Sánchez Román,Zacatecas,,Semiurbano
99700,Las Conchas,Fraccionamiento,Tlaltenango de Sánchez Román,Zacatecas,,Semiurbano
99700,Lomas Del Calvario,Fraccionamiento,Tlaltenango de Sánchez Román,Zacatecas,,Semiurbano
99700,Las Lomitas,Fraccionamiento,Tlaltenango de Sánchez Román,Zacatecas,,Semiurbano
99700,Hacienda Real,Fraccionamiento,Tlaltenango de Sánchez Román,Zacatecas,,Semiurbano
99700,Tlaltenango de Sanchez Román,Ranchería,Tlaltenango de Sánchez Román,Zacatecas,,Semiurbano
99700,Valle Verde,Fraccionamiento,Tlaltenango de Sánchez Román,Zacatecas,,Semiurbano
99700,Buena Vista,Fraccionamiento,Tlaltenango de Sánchez Román,Zacatecas,,Semiurbano
99700,Arboledas,Fraccionamiento,Tlaltenango de Sánchez Román,Zacatecas,,Semiurbano
99700,Lomas Del Country,Fraccionamiento,Tlaltenango de Sánchez Román,Zacatecas,,Semiurbano
99700,Santo Santiago,Fraccionamiento,Tlaltenango de Sánchez Román,Zacatecas,,Semiurbano
99702,Lomas de Caxcanes,Fraccionamiento,Tlaltenango de Sánchez Román,Zacatecas,,Urbano
99704,La Palma,Ranchería,Tlaltenango de Sánchez Román,Zacatecas,,Rural
99705,Salazares,Ranchería,Tlaltenango de Sánchez Román,Zacatecas,,Rural
99707,Cicacalco,Pueblo,Tlaltenango de Sánchez Román,Zacatecas,,Rural
99720,La Esperanza,Colonia,Momax,Zacatecas,,Rural
99720,Nueva,Colonia,Momax,Zacatecas,,Rural
99720,Momax,Pueblo,Momax,Zacatecas,,Rural
99730,Los Pinos,Colonia,Atolinga,Zacatecas,,Urbano
99730,Atolinga,Pueblo,Atolinga,Zacatecas,,Urbano
99733,Cerrito Pelón,Ranchería,Atolinga,Zacatecas,,Rural
99733,Terreros,Rancho,Atolinga,Zacatecas,,Rural
99733,Juantón,Rancho,Atolinga,Zacatecas,,Rural
99733,Salisflor,Ranchería,Atolinga,Zacatecas,,Rural
99733,Talpa,Rancho,Atolinga,Zacatecas,,Rural
99733,Covarrubias,Rancho,Atolinga,Zacatecas,,Rural
99734,Los Velas,Rancho,Atolinga,Zacatecas,,Rural
99734,Charcuelos,Ranchería,Atolinga,Zacatecas,,Rural
99734,Acatepulco,Rancho,Atolinga,Zacatecas,,Rural
99734,Laguna Grande,Ranchería,Atolinga,Zacatecas,,Rural
99734,El Durazno,Ranchería,Atolinga,Zacatecas,,Rural
99734,Tapias Grandes,Rancho,Atolinga,Zacatecas,,Rural
99735,Villa Hidalgo,Ranchería,Atolinga,Zacatecas,,Rural
99735,La Estancia,Ranchería,Atolinga,Zacatecas,,Rural
99735,La Ciénega,Rancho,Atolinga,Zacatecas,,Rural
99736,Los Adobes,Ranchería,Atolinga,Zacatecas,,Rural
99736,Los Cerritos,Rancho,Atolinga,Zacatecas,,Rural
99750,El Terrero,Barrio,Tepechitlán,Zacatecas,,Rural
99750,Magisterial,Colonia,Tepechitlán,Zacatecas,,Rural
99750,La Cumbrita,Barrio,Tepechitlán,Zacatecas,,Rural
99750,Ocotlan Cerro Chino,Ranchería,Tepechitlán,Zacatecas,,Rural
99750,Tepechitlan,Pueblo,Tepechitlán,Zacatecas,,Rural
99753,Las Pilas,Colonia,Tepechitlán,Zacatecas,,Rural
99755,Ojuelos,Pueblo,Tepechitlán,Zacatecas,,Rural
99760,Santiago Nexcaltitán,Ranchería,Tepechitlán,Zacatecas,,Rural
99770,San Pedro Ocotlan,Ranchería,Tepechitlán,Zacatecas,,Rural
99780,Los Mirasoles,Colonia,Benito Juárez,Zacatecas,,Urbano
99780,El Durazno,Colonia,Benito Juárez,Zacatecas,,Urbano
99780,Florencia de Benito Juárez,Pueblo,Benito Juárez,Zacatecas,,Urbano
99783,Llano Grande,Ranchería,Benito Juárez,Zacatecas,,Rural
99784,Las Tablas,Rancho,Benito Juárez,Zacatecas,,Rural
99784,Los Campos,Ranchería,Benito Juárez,Zacatecas,,Rural
99785,Potrerillos,Ranchería,Benito Juárez,Zacatecas,,Rural
99786,San Lucas Tepetitlán,Pueblo,Benito Juárez,Zacatecas,,Rural
99786,La Laguna,Rancho,Benito Juárez,Zacatecas,,Rural
99786,Cuevas Chicas (Las Cuevas Chicas),Rancho,Benito Juárez,Zacatecas,,Rural
99786,Tecolotes,Rancho,Benito Juárez,Zacatecas,,Rural
99790,Los Charcos,Rancho,Benito Juárez,Zacatecas,,Rural
99790,Mesa de Rayos,Ranchería,Benito Juárez,Zacatecas,,Rural
99790,Mesa de Arellanos,Rancho,Benito Juárez,Zacatecas,,Rural
99790,Los Sauces,Ranchería,Benito Juárez,Zacatecas,,Rural
99794,Mesa de Núñez,Rancho,Benito Juárez,Zacatecas,,Rural
99794,Tonilco,Ranchería,Benito Juárez,Zacatecas,,Rural
99794,Los Cedros,Rancho,Benito Juárez,Zacatecas,,Rural
99794,Las Cruces,Rancho,Benito Juárez,Zacatecas,,Rural
99800,La Esperanza,Colonia,Teúl de González Ortega,Zacatecas,,Rural
99800,El Agave,Colonia,Teúl de González Ortega,Zacatecas,,Rural
99800,Teul de Gonzalez Ortega,Villa,Teúl de González Ortega,Zacatecas,,Rural
99800,Vallarta,Colonia,Teúl de González Ortega,Zacatecas,,Rural
99800,Genaro Borrego,Colonia,Teúl de González Ortega,Zacatecas,,Rural
99800,Los Maestros,Colonia,Teúl de González Ortega,Zacatecas,,Rural
99806,Alamitos,Ejido,Teúl de González Ortega,Zacatecas,,Rural
99810,Milpillas de Allende,Ranchería,Teúl de González Ortega,Zacatecas,,Rural
99814,Huitzila,Pueblo,Teúl de González Ortega,Zacatecas,,Rural
99820,Santa Maria de la Paz,Pueblo,Santa María de la Paz,Zacatecas,,Rural
99820,El Santuario,Colonia,Santa María de la Paz,Zacatecas,,Rural
99823,El Laurel,Ranchería,Santa María de la Paz,Zacatecas,,Rural
99823,Los Rodriguez,Ranchería,Santa María de la Paz,Zacatecas,,Rural
99823,La Haciendita,Ranchería,Santa María de la Paz,Zacatecas,,Rural
99824,El Zapotito,Ranchería,Santa María de la Paz,Zacatecas,,Rural
99824,La Mesa Grande,Ranchería,Santa María de la Paz,Zacatecas,,Rural
99824,El Pantano,Ranchería,Santa María de la Paz,Zacatecas,,Rural
99824,Hidalgo (el Picacho),Ranchería,Santa María de la Paz,Zacatecas,,Rural
99825,El Soto,Ranchería,Santa María de la Paz,Zacatecas,,Rural
99825,La Laguna,Ranchería,Santa María de la Paz,Zacatecas,,Rural
99825,San Vicente,Ranchería,Santa María de la Paz,Zacatecas,,Rural
99825,Santa Fe,Ranchería,Santa María de la Paz,Zacatecas,,Rural
99825,Marines,Ranchería,Santa María de la Paz,Zacatecas,,Rural
99825,San Rafael,Ranchería,Santa María de la Paz,Zacatecas,,Rural
99826,El Saucito,Ranchería,Santa María de la Paz,Zacatecas,,Rural
99826,El Gato,Ranchería,Santa María de la Paz,Zacatecas,,Rural
99826,El Arenal,Ranchería,Santa María de la Paz,Zacatecas,,Rural
99826,San Miguel Tepetitlan,Ranchería,Santa María de la Paz,Zacatecas,,Rural
99826,San Isidro,Ranchería,Santa María de la Paz,Zacatecas,,Rural
99826,Mesa El Pueblo,Ranchería,Santa María de la Paz,Zacatecas,,Rural
99827,Hacienda Vieja,Ranchería,Santa María de la Paz,Zacatecas,,Rural
99827,Las Tablas,Ranchería,Santa María de la Paz,Zacatecas,,Rural
99827,Los Cedros,Ranchería,Santa María de la Paz,Zacatecas,,Rural
99827,Los Horcones,Ranchería,Santa María de la Paz,Zacatecas,,Rural
99827,El Capulín,Ranchería,Santa María de la Paz,Zacatecas,,Rural
99828,Pajaritos,Ranchería,Santa María de la Paz,Zacatecas,,Rural
99828,Mesa de Trigos,Ranchería,Santa María de la Paz,Zacatecas,,Rural
99828,Los Polvos,Ranchería,Santa María de la Paz,Zacatecas,,Rural
99828,El Guitarrero,Ranchería,Santa María de la Paz,Zacatecas,,Rural
99830,García de la Cadena,Pueblo,Trinidad García de la Cadena,Zacatecas,,Urbano
99833,La Ceja,Ranchería,Trinidad García de la Cadena,Zacatecas,,Rural
99833,Las Huertitas,Rancho,Trinidad García de la Cadena,Zacatecas,,Rural
99833,Los Horconcillos,Ranchería,Trinidad García de la Cadena,Zacatecas,,Rural
99833,Los Sauces,Rancho,Trinidad García de la Cadena,Zacatecas,,Rural
99834,Santa Rosa,Ranchería,Trinidad García de la Cadena,Zacatecas,,Rural
99834,Las Vueltas,Rancho,Trinidad García de la Cadena,Zacatecas,,Rural
99840,El Barranco,Ranchería,Trinidad García de la Cadena,Zacatecas,,Rural
99840,El Tambor,Rancho,Trinidad García de la Cadena,Zacatecas,,Rural
99843,Llano de las Palomas,Rancho,Trinidad García de la Cadena,Zacatecas,,Rural
99843,La Tetilla,Rancho,Trinidad García de la Cadena,Zacatecas,,Rural
99854,Las Higueras,Rancho,Trinidad García de la Cadena,Zacatecas,,Rural
99854,San Martín de las Peñas (San Martín de Arriba),Rancho,Trinidad García de la Cadena,Zacatecas,,Rural
99854,Los Ciruelos,Rancho,Trinidad García de la Cadena,Zacatecas,,Rural
99855,Espinazo del Diablo,Rancho,Trinidad García de la Cadena,Zacatecas,,Rural
99860,Mezquital Del Oro,Ranchería,Mezquital del Oro,Zacatecas,,Rural
99864,La Coronilla,Pueblo,Mezquital del Oro,Zacatecas,,Rural
99865,El Malacate,Ranchería,Mezquital del Oro,Zacatecas,,Rural
99867,Los Gallos,Rancho,Mezquital del Oro,Zacatecas,,Rural
99900,Nochistlan Centro,Colonia,Nochistlán de Mejía,Zacatecas,Nochistlán de Mejía,Semiurbano
99902,Santo Santiago,Barrio,Nochistlán de Mejía,Zacatecas,Nochistlán de Mejía,Semiurbano
99902,La Gloria,Fraccionamiento,Nochistlán de Mejía,Zacatecas,Nochistlán de Mejía,Semiurbano
99904,Loma Bonita,Fraccionamiento,Nochistlán de Mejía,Zacatecas,Nochistlán de Mejía,Semiurbano
99904,Arboledas,Fraccionamiento,Nochistlán de Mejía,Zacatecas,Nochistlán de Mejía,Semiurbano
99905,Lomas del Refugio,Colonia,Nochistlán de Mejía,Zacatecas,Nochistlán de Mejía,Urbano
99905,San Miguel Oriente,Colonia,Nochistlán de Mejía,Zacatecas,Nochistlán de Mejía,Semiurbano
99905,Gonzalez Sanchez,Fraccionamiento,Nochistlán de Mejía,Zacatecas,Nochistlán de Mejía,Semiurbano
99906,Santa Cecilia,Colonia,Nochistlán de Mejía,Zacatecas,Nochistlán de Mejía,Semiurbano
99907,Bugambilias,Fraccionamiento,Nochistlán de Mejía,Zacatecas,Nochistlán de Mejía,Semiurbano
99908,La Presa,Fraccionamiento,Nochistlán de Mejía,Zacatecas,Nochistlán de Mejía,Semiurbano
99908,La Quinta,Fraccionamiento,Nochistlán de Mejía,Zacatecas,Nochistlán de Mejía,Rural
99909,Sutsemop,Fraccionamiento,Nochistlán de Mejía,Zacatecas,Nochistlán de Mejía,Semiurbano
99909,Los Arcos,Colonia,Nochistlán de Mejía,Zacatecas,Nochistlán de Mejía,Semiurbano
99910,Monte de Yánez,Ranchería,Nochistlán de Mejía,Zacatecas,,Rural
99913,Toyahua de Arriba,Ranchería,Nochistlán de Mejía,Zacatecas,,Rural
99913,Las Delicias,Barrio,Nochistlán de Mejía,Zacatecas,,Rural
99913,Toyahua de Abajo,Ranchería,Nochistlán de Mejía,Zacatecas,,Rural
99913,Las Huertas,Ranchería,Nochistlán de Mejía,Zacatecas,,Rural
99914,Daniel Camarena,Ranchería,Nochistlán de Mejía,Zacatecas,,Rural
99915,La Villita,Ranchería,Nochistlán de Mejía,Zacatecas,,Rural
99915,Las Pilas,Ranchería,Nochistlán de Mejía,Zacatecas,,Rural
99917,Gabriel Lopez,Ranchería,Nochistlán de Mejía,Zacatecas,,Rural
99917,El Molino,Ranchería,Nochistlán de Mejía,Zacatecas,,Rural
99917,Capellania,Ranchería,Nochistlán de Mejía,Zacatecas,,Rural
99918,Tlachichila,Ranchería,Nochistlán de Mejía,Zacatecas,,Rural
99918,Casas Grandes,Ranchería,Nochistlán de Mejía,Zacatecas,,Rural
99918,Fátima,Barrio,Nochistlán de Mejía,Zacatecas,,Rural
99919,La Estancia,Ranchería,Nochistlán de Mejía,Zacatecas,,Rural
99920,San Pedro Apulco,Pueblo,Apulco,Zacatecas,,Rural
99921,Agua Blanca,Ranchería,Apulco,Zacatecas,,Rural
99925,La Pitaya,Ranchería,Apulco,Zacatecas,,Rural
99930,Tenayuca,Pueblo,Apulco,Zacatecas,,Rural
99940,Apozol,Pueblo,Apozol,Zacatecas,,Rural
99940,De Abajo,Barrio,Apozol,Zacatecas,,Rural
99949,Los Llamas,Ranchería,Apozol,Zacatecas,,Rural
99950,El Rescoldo,Ranchería,Apozol,Zacatecas,,Rural
99960,Juchipila,Pueblo,Juchipila,Zacatecas,,Rural
99960,Pueblo Viejo,Ranchería,Juchipila,Zacatecas,,Rural
99960,Guadalupe Victoria,Ranchería,Juchipila,Zacatecas,,Rural
99960,La Quinta,Colonia,Juchipila,Zacatecas,,Rural
99960,San Sebastián,Pueblo,Juchipila,Zacatecas,,Rural
99960,Cerro La Arena,Fraccionamiento,Juchipila,Zacatecas,,Rural
99960,Contitlan,Ranchería,Juchipila,Zacatecas,,Rural
99969,Mezquitera,Ranchería,Juchipila,Zacatecas,,Rural
99970,Remolino,Ranchería,Juchipila,Zacatecas,,Rural
99974,El Ranchito,Ranchería,Juchipila,Zacatecas,,Rural
99979,Amazochitl,Ranchería,Juchipila,Zacatecas,,Rural
99980,Moyahua Centro,Colonia,Moyahua de Estrada,Zacatecas,Moyahua de Estrada,Rural
99984,Santa Cruz,Fraccionamiento,Moyahua de Estrada,Zacatecas,Moyahua de Estrada,Rural
99984,Santa Maria,Fraccionamiento,Moyahua de Estrada,Zacatecas,Moyahua de Estrada,Rural
99987,Bajío Blanco,Fraccionamiento,Moyahua de Estrada,Zacatecas,Moyahua de Estrada,Rural
99990,Alameda Juárez,Ranchería,Moyahua de Estrada,Zacatecas,,Rural
99993,Cuxpala,Pueblo,Moyahua de Estrada,Zacatecas,,Rural
99994,Vicente Guerrero,Pueblo,Moyahua de Estrada,Zacatecas,,Rural
99998,Palmarejo,Ranchería,Moyahua de Estrada,Zacatecas,,Rural
99998,San Jose de Palmarejo,Ranchería,Moyahua de Estrada,Zacatecas,,Rural
99998,Jesús Maria,Ranchería,Moyahua de Estrada,Zacatecas,,Rural
